Topic,Coherence
1,-49.83349105
2,-74.93092086
3,-61.5306322
4,-32.48416289
5,-37.37446187
6,-45.66968876
7,-28.24772682
8,-25.61681673
9,-27.0411423