,prevalence,topic
1,22.83736475,1
2,21.37681457,2
3,86.89283953,4
4,23.17191855,5
5,119.9756101,6
6,51.36506494,7